;Chemical;Sensor;JB;p-value;skew;kurtosis;Sensor;UnitRoot;Stationarity;Sensor;Radius;Sensor;p;d;q;AIC
0;azetal_degid_0;S1;7.137241059089577;0.028194720650299997;0.01724916145788637;1.8106888611997856;S1;1;0;S1;43;S1;0;1;1;167.57816504928456
1;azetal_degid_0;S2;3.0381407805137526;0.21891529818500002;-0.3598603927113251;2.709124722887997;S2;1;0;S2;41;S2;0;1;2;138.5593219689372
2;azetal_degid_0;S3;2.9180360813951323;0.23246443330299998;-0.05838149007976249;2.2482351281093567;S3;1;0;S3;43;S3;1;1;1;151.21374452384583
3;azetal_degid_0;S4;8.550381000879314;0.01390939872;-0.044131316031089135;1.7007105608068536;S4;1;0;S4;44;S4;1;1;1;153.70262575856813
4;azetal_degid_0;S5;8.252281925103158;0.0161450631629;-0.3010032932432545;1.8711048235402459;S5;1;0;S5;45;S5;1;1;2;188.1832571240984
5;azetal_degid_0;S6;9.851208793375939;0.007258338038359999;-0.3919175388692877;1.842605797560472;S6;1;0;S6;43;S6;0;1;1;164.93532656022353
6;azetal_degid_0;S7;0.2815088175972401;0.868702631225;0.08042976930704059;2.826908496668457;S7;1;0;S7;27;S7;0;1;2;136.79445549632928
7;azetal_degid_0;S8;8.456306934418496;0.0145792868395;0.3353628917066104;1.8921142010501848;S8;1;0;S8;44;S8;0;1;1;166.86562311869676
8;azetal_degid_1;S1;6.7979246578305235;0.0334079184113;0.004319855096381621;1.838847965221592;S1;1;0;S1;45;S1;1;1;1;132.06214638121446
9;azetal_degid_1;S2;9.094285246570793;0.010597442047200001;0.1776463008423526;1.7047809683062642;S2;1;0;S2;43;S2;0;1;2;139.2849056976208
10;azetal_degid_1;S3;7.521022694855204;0.023271837337700003;0.07952519898460865;1.7890185519975794;S3;1;0;S3;44;S3;2;1;1;131.79141122524518
11;azetal_degid_1;S4;9.675734058836511;0.00792393756489;0.3115056753850376;1.7626598205338326;S4;1;0;S4;44;S4;2;1;2;155.66219071883611
12;azetal_degid_1;S5;7.694301644455831;0.021340452645;-0.013762283587152363;1.7649352757303547;S5;1;0;S5;45;S5;2;1;2;193.83642790976643
13;azetal_degid_1;S6;7.739654586320423;0.0208619721194;-0.14372731040117356;1.7947996263087982;S6;0;1;S6;45;S6;0;1;1;174.7794994340429
14;azetal_degid_1;S7;10.427576425785787;0.0054410228445500005;0.3295717407588424;1.7217944248219663;S7;1;0;S7;43;S7;0;1;1;158.06195462962216
15;azetal_degid_1;S8;11.00567187948868;0.00407519801943;0.5628874137776078;2.0431435738045534;S8;1;0;S8;44;S8;2;1;2;158.42471084462284
16;azetal_degid_2;S1;7.412739575876549;0.024566543355;0.06867231123126337;1.7952461215057038;S1;1;0;S1;44;S1;1;1;1;156.90215683242909
17;azetal_degid_2;S2;9.030513186445656;0.0109407974322;0.4096087402924742;1.941671653636542;S2;1;0;S2;44;S2;2;1;1;155.59603738157912
18;azetal_degid_2;S3;8.930652400207887;0.0115009435391;0.2592925758154048;1.7742600146753538;S3;1;0;S3;44;S3;1;1;2;162.22512076030839
19;azetal_degid_2;S4;8.553998988851413;0.0138842594466;0.33777112753847666;1.886310807239317;S4;1;0;S4;44;S4;0;1;1;176.52985436564202
20;azetal_degid_2;S5;8.26115209179934;0.0160736170141;0.20207964711288093;1.7854091691417835;S5;1;0;S5;44;S5;0;1;1;209.41038935390625
21;azetal_degid_2;S6;7.848131627434058;0.0197605883222;0.09331416391833756;1.7663776613796083;S6;1;0;S6;45;S6;0;1;1;168.83975058433174
22;azetal_degid_2;S7;10.154777096602453;0.006236173235279999;0.5360860979495554;2.0701519230918444;S7;1;0;S7;44;S7;0;1;2;145.82332248158897
23;azetal_degid_2;S8;10.882799727594797;0.004333412835090001;0.577218681499978;2.0912391834451878;S8;1;0;S8;44;S8;0;1;2;195.76903146340985
24;azetal_degid_3;S1;7.682664644180517;0.021464984013200003;-0.3771024982188289;2.0227543129089818;S1;1;0;S1;42;S1;1;1;2;133.79659933875772
25;azetal_degid_3;S2;3.724571137418808;0.155317236169;0.2127578051296964;2.2532106207371987;S2;1;0;S2;46;S2;1;1;1;151.20440610619522
26;azetal_degid_3;S3;7.603813937609395;0.0223281521422;0.15859062417464964;1.8135807841587872;S3;1;0;S3;43;S3;0;1;2;136.27694203965223
27;azetal_degid_3;S4;8.871092389422364;0.0118485925014;-0.09113753336963072;1.6861007210206234;S4;1;0;S4;44;S4;1;1;1;141.15928419083082
28;azetal_degid_3;S5;9.35432848623443;0.00930536425853;-0.22037014496379734;1.7111431444476937;S5;1;0;S5;44;S5;1;1;1;140.8180051172194
29;azetal_degid_3;S6;8.928690211772816;0.011512232585200002;-0.4173924346561486;1.9636052399386998;S6;1;0;S6;45;S6;1;1;2;173.7327606312257
30;azetal_degid_3;S7;6.1623020401287185;0.0459063870553;-0.17768515025566128;1.9531061494433104;S7;1;0;S7;44;S7;0;1;1;155.4025674240201
31;azetal_degid_3;S8;8.169887305846531;0.0168240872774;0.1993422761461296;1.7910648723059;S8;1;0;S8;44;S8;0;1;2;150.6803273030956
32;azeton_4;S1;8.038307906616538;0.017968160413200002;0.13013474354042598;1.7644293156325703;S1;1;0;S1;44;S1;1;1;1;138.8316503912709
33;azeton_4;S2;6.0824243955188155;0.047776939278999994;0.06683723158754007;1.9097879000137463;S2;1;0;S2;46;S2;0;1;1;146.5161156030371
34;azeton_4;S3;9.15413778071617;0.0102849986169;0.3808582824373312;1.8884764398854783;S3;1;0;S3;44;S3;0;1;1;150.1468225982395
35;azeton_4;S4;8.546858841472755;0.0139339158617;0.2485502052822104;1.7966148119974876;S4;1;0;S4;44;S4;1;1;2;232.04409576828436
36;azeton_4;S5;5.5786941456560015;0.0614613305897;0.030476476863790482;1.949855922025864;S5;1;0;S5;45;S5;0;1;1;196.7497421406013
37;azeton_4;S6;6.471123838824125;0.0393380938898;-0.4150489344603535;2.2289836426396263;S6;0;1;S6;45;S6;2;1;2;168.18926875279553
38;azeton_4;S7;8.94254185484999;0.0114327763841;0.22739617942202345;1.7482447442131677;S7;1;0;S7;43;S7;0;1;1;164.00218766512504
39;azeton_4;S8;6.164104672032468;0.045865029537300005;0.016245081216976227;1.8947503806886796;S8;1;0;S8;45;S8;1;1;2;136.16763450091688
40;azeton_5;S1;8.4448313337979;0.014663180328;0.2328674618674723;1.7924823609262075;S1;1;0;S1;44;S1;0;1;1;149.944112761884
41;azeton_5;S2;8.218880500415084;0.0164169613456;0.34359746147836456;1.923917144687016;S2;1;0;S2;44;S2;0;1;1;179.76210923437182
42;azeton_5;S3;10.203120131197812;0.00608724265622;0.4348738195066725;1.8742565082149516;S3;1;0;S3;43;S3;0;1;1;187.3225129787681
43;azeton_5;S4;10.319403893292083;0.0057434112735600005;0.3752564302509313;1.7819875374445453;S4;1;0;S4;44;S4;0;1;1;178.8425890099357
44;azeton_5;S5;7.734254476769265;0.020918376700299997;0.2455667106037745;1.8629621966576124;S5;1;0;S5;45;S5;0;1;1;154.16960567872172
45;azeton_5;S6;7.028583097832782;0.029768885284400002;-0.08461784761010772;1.8314716921245784;S6;1;0;S6;45;S6;2;1;1;149.8989737476881
46;azeton_5;S7;11.735454311245663;0.0028292965825599996;0.5287636237502126;1.9003047977276828;S7;1;0;S7;43;S7;0;1;2;142.54334076443712
47;azeton_5;S8;8.44615779905257;0.014653458452700002;0.1432263812637107;1.7377734817999069;S8;1;0;S8;45;S8;0;1;1;157.0846768335201
48;azeton_6;S1;15.336781613729233;0.00046736930637999996;-0.8698997310309985;2.8771012518349544;S1;1;0;S1;39;S1;1;1;2;128.6864684905309
49;azeton_6;S2;6.480525663975508;0.0391536029272;-0.3755252823766833;2.1506964209948114;S2;1;0;S2;44;S2;1;1;1;142.79960403832536
50;azeton_6;S3;8.909464012250078;0.0116234344665;-0.5192284534188288;2.1700761069266217;S3;0;1;S3;43;S3;0;1;1;175.49854408482662
51;azeton_6;S4;19.12839370463514;7.0197570744e-05;-0.9615723546713836;2.690846335656735;S4;0;1;S4;42;S4;0;1;2;171.24728350633038
52;azeton_6;S5;18.19187050046707;0.00011212062579200001;-0.8948233938783169;2.363235312123084;S5;0;1;S5;41;S5;2;1;0;181.74867496459117
53;azeton_6;S6;23.460474088588803;8.046792088369999e-06;-1.0740797662740351;2.8032062060963736;S6;0;1;S6;41;S6;0;1;1;189.62628250784917
54;azeton_6;S7;1.2255386976884688;0.5418482226100001;-0.24602868283703996;2.9689902495052536;S7;1;0;S7;41;S7;0;1;1;135.1630570172717
55;azeton_6;S8;21.84420198161029;1.80547637055e-05;-1.0337654290363774;2.7590634351927292;S8;0;1;S8;41;S8;0;1;1;157.0332240774001
56;benzin_7;S1;10.400004383570137;0.00551655232965;-0.12476766736997875;1.585594505263768;S1;1;0;S1;44;S1;1;1;1;177.02059157649433
57;benzin_7;S2;3.5025348178757256;0.17355384031100002;-0.4028448795687252;2.7865013774104685;S2;1;0;S2;30;S2;2;1;0;159.85773243643527
58;benzin_7;S3;7.519895268055192;0.0232849596825;-0.5300560341946837;2.3936074892358974;S3;1;0;S3;43;S3;0;1;2;156.43419279779562
59;benzin_7;S4;29.77898596826852;3.4164522772399997e-07;-1.0794785301917371;4.116010815657129;S4;0;1;S4;47;S4;0;1;1;147.34333003638596
60;benzin_7;S5;19.778423851565574;5.07189005064e-05;-0.9903110299201529;2.988623853242339;S5;0;1;S5;43;S5;2;1;1;189.58198835127791
61;benzin_7;S6;29.34340920032673;4.24775688056e-07;-1.1826554578393855;3.4748521974527855;S6;0;1;S6;45;S6;2;1;0;158.88505620925102
62;benzin_7;S7;5.136404594658943;0.07667325732369999;0.25992624702618217;2.13481540789871;S7;1;0;S7;44;S7;1;1;1;147.11383767342028
63;benzin_7;S8;8.457077297940089;0.0145736722456;-0.3820558766894303;1.9542610039907584;S8;1;0;S8;45;S8;1;1;1;136.76062207927052
64;benzol_10;S1;11.664453471906706;0.0029315419371900003;0.6108770267065231;2.0939494280301925;S1;1;0;S1;45;S1;1;1;2;136.4311661619582
65;benzol_10;S2;8.053541053706653;0.017831824463500002;0.5581572083452188;2.4073460573613654;S2;1;0;S2;42;S2;1;1;1;156.91431208810403
66;benzol_10;S3;12.902771550383008;0.00157833343722;0.7128266115538622;2.2742312335223027;S3;1;0;S3;43;S3;2;1;1;145.33258655008115
67;benzol_10;S4;11.560434112497836;0.0030880450560100002;0.5837472274961457;2.0356684364265725;S4;1;0;S4;45;S4;0;1;1;151.71208513962833
68;benzol_10;S5;5.567389958458757;0.0618096993619;0.027360970296372886;1.9505805397947316;S5;0;1;S5;45;S5;2;1;2;214.79145907591248
69;benzol_10;S6;6.772730725138002;0.0338314186441;-0.5013233232492044;2.4185782502750706;S6;0;1;S6;46;S6;1;1;2;172.81716685820408
70;benzol_10;S7;11.580221493705736;0.00305764353327;0.5572220281434261;1.9729080459009591;S7;1;0;S7;44;S7;1;1;1;164.5077384155381
71;benzol_10;S8;10.381864966425908;0.0055668134338500005;0.4915654633179806;1.9546931230520983;S8;1;0;S8;44;S8;0;1;1;152.84972370292425
72;benzol_11;S1;7.669112146822396;0.0216109300075;-0.22904560128731935;1.8548805035876383;S1;1;0;S1;44;S1;0;1;1;166.29251740136215
73;benzol_11;S2;5.520000820001223;0.06329174241;0.1839806299777114;2.0204691393964462;S2;1;0;S2;47;S2;0;1;1;181.4674908224892
74;benzol_11;S3;6.830616075422071;0.0328662810881;0.12471606286271955;1.8630670401313567;S3;1;0;S3;44;S3;2;1;1;169.1182740810277
75;benzol_11;S4;4.1584681527757015;0.125025935852;-0.13132814896890352;2.13061412558647;S4;1;0;S4;44;S4;0;1;1;174.85227375141162
76;benzol_11;S5;4.381008820170888;0.111860310916;-0.27596966275893065;2.248785378145352;S5;1;0;S5;46;S5;0;1;1;203.18448288193
77;benzol_11;S6;5.338688814984483;0.069297641435;-0.3811478045825687;2.308755551044772;S6;1;0;S6;45;S6;0;1;1;157.32374544421518
78;benzol_11;S7;10.147859206764354;0.00625778116378;-0.07239706759747827;1.5886767986165964;S7;1;0;S7;44;S7;0;1;1;177.7086018119991
79;benzol_11;S8;8.019251541648996;0.0181401825523;-0.2008191542952478;1.8044741674992968;S8;1;0;S8;44;S8;0;1;1;178.5858796592001
80;benzol_8;S1;6.797246047299888;0.033419255817200004;-0.03090511898209324;1.8405201224215944;S1;1;0;S1;43;S1;1;1;1;172.52511126892597
81;benzol_8;S2;8.102260664111386;0.017402692696599997;0.35341936467594426;1.9476507342504945;S2;1;0;S2;45;S2;0;1;1;137.40069160729715
82;benzol_8;S3;8.265372367478442;0.0160397352268;0.19763546393534034;1.7821438530894913;S3;1;0;S3;43;S3;2;1;0;168.97556657767396
83;benzol_8;S4;7.368541945439698;0.025115477919400005;-0.003769219275736372;1.791086374939109;S4;1;0;S4;43;S4;2;1;0;172.4503444869869
84;benzol_8;S5;6.862162886272148;0.0323519350699;-0.5176050200150003;2.462012702490407;S5;1;0;S5;45;S5;1;1;2;188.9533087916781
85;benzol_8;S6;28.85021120052444;5.43570947752e-07;-1.139187629373431;3.7289458971213536;S6;0;1;S6;46;S6;0;1;1;155.88502511103457
86;benzol_8;S7;9.62998572013916;0.00810727996311;-0.04397061780051722;1.620744348809848;S7;1;0;S7;43;S7;2;1;0;172.95510357361493
87;benzol_8;S8;8.757262329789993;0.0125425155115;-0.1946466037883839;1.7408620207759826;S8;1;0;S8;44;S8;0;1;2;196.96176994320084
88;benzol_9;S1;8.304968953312233;0.015725298773700002;0.2640720058440417;1.830243413282049;S1;1;0;S1;43;S1;0;1;1;150.42929574929946
89;benzol_9;S2;5.6079399255685844;0.0605691275079;0.4945008468801058;2.633674580922744;S2;1;0;S2;45;S2;1;1;2;142.24866699290752
90;benzol_9;S3;9.58434666908144;0.00829441124842;0.5281469760940276;2.1138450896900527;S3;1;0;S3;45;S3;1;1;1;132.79982122340522
91;benzol_9;S4;9.702364703963246;0.007819127121229999;0.4996916626545437;2.0378830926368834;S4;1;0;S4;45;S4;0;1;1;214.58670180612893
92;benzol_9;S5;4.489407930738378;0.105958903236;0.16508809981909267;2.1160063606768804;S5;1;0;S5;46;S5;0;1;1;209.50260564267415
93;benzol_9;S6;4.1971012505833105;0.12263404218599999;-0.10832932819184513;2.1136919726800985;S6;1;0;S6;46;S6;2;1;1;197.205907982227
94;benzol_9;S7;10.130877968200595;0.00631113980459;0.4270494122707481;1.8686532190716445;S7;1;0;S7;43;S7;2;1;1;162.10816100013975
95;benzol_9;S8;8.504405187383043;0.014232850172899998;0.2961084945817397;1.8441006933368147;S8;1;0;S8;44;S8;0;1;1;151.61458179120808
96;butanol_12;S1;9.970447971399565;0.00683824618655;0.0028727700959236603;1.5937366876163457;S1;1;0;S1;43;S1;0;1;2;157.02896632350246
97;butanol_12;S2;10.096280204661886;0.00642126524311;0.4738366502646157;1.9490560005678592;S2;1;0;S2;44;S2;0;1;1;172.59003181915284
98;butanol_12;S3;11.196838381314368;0.0037037139568299998;0.4546696646448939;1.8193381137719964;S3;1;0;S3;43;S3;0;1;1;159.19496329460034
99;butanol_12;S4;11.228656997067661;0.00364525667167;0.3049136916099191;1.6379125584393417;S4;1;0;S4;43;S4;2;1;2;176.22803726981545
100;butanol_12;S5;10.532108024100225;0.00516394729621;0.2741425628976834;1.6626905434281258;S5;1;0;S5;44;S5;0;1;1;187.64073227572436
101;butanol_12;S6;10.409212391935082;0.00549121247681;0.12205027270968917;1.5840013798120274;S6;1;0;S6;44;S6;0;1;1;195.45829895370244
102;butanol_12;S7;10.182763942868387;0.0061495155573199995;0.1661847901353364;1.6182430619306545;S7;1;0;S7;43;S7;0;1;2;140.35624410182848
103;butanol_12;S8;10.734590174867856;0.004666737370010001;0.2617890684498945;1.6380011581215874;S8;1;0;S8;43;S8;2;1;1;204.922955880218
104;butilazetat_13;S1;8.515076073288832;0.0141571138358;-0.19533165604660535;1.7605150725660814;S1;1;0;S1;44;S1;0;1;1;175.050417324865
105;butilazetat_13;S2;6.197295498143332;0.045110161426;-0.14554809909668415;1.9301969155995395;S2;1;0;S2;44;S2;2;1;1;133.5266379874624
106;butilazetat_13;S3;9.15490307902787;0.0102810638237;0.2937109255541557;1.7872411148785368;S3;1;0;S3;44;S3;1;1;1;158.69940296063288
107;butilazetat_13;S4;9.503077977511348;0.00863839058194;0.11750296629988236;1.6473432659243488;S4;1;0;S4;44;S4;0;1;1;157.19829313820506
108;butilazetat_13;S5;8.3973527742071;0.0150154383009;-0.05378818748441011;1.713913705675568;S5;1;0;S5;44;S5;1;1;2;157.40796127138188
109;butilazetat_13;S6;8.039618370644156;0.017956390955599998;-0.20717986842722502;1.8071290693470987;S6;1;0;S6;44;S6;0;1;1;159.27546572723256
110;butilazetat_13;S7;10.31172683992536;0.00576549987772;0.16086870121960534;1.6065200987234072;S7;1;0;S7;43;S7;1;1;1;193.1375371314787
111;butilazetat_13;S8;8.899161724109579;0.0116834629269;0.023864265066938502;1.6722782768925162;S8;1;0;S8;44;S8;0;1;1;188.45634903879116
112;dioktilftalat_15;S1;0.31276801503631946;0.8552307122830001;-0.035799058347022045;2.761441116771037;S1;1;0;S1;41;S1;2;1;1;178.48007573710643
113;dioktilftalat_15;S2;7.231714033530732;0.0268938668432;-0.075594008007169;1.8119209857154364;S2;0;1;S2;3;S2;1;0;0;177.2479716378274
114;dioktilftalat_15;S3;8.891623674380428;0.011727581278600002;-0.2024648831070843;1.7352234502986368;S3;1;0;S3;38;S3;0;1;2;183.04028309269833
115;dioktilftalat_15;S4;9.983520709089163;0.00679369464849;-0.48196001026672103;1.974787510459329;S4;0;1;S4;43;S4;2;1;2;109.43393042171644
116;dioktilftalat_15;S5;12.878794222074356;0.00159736942677;-0.6140287516230705;1.9770892756653968;S5;1;0;S5;42;S5;0;1;2;148.3986993598506
117;dioktilftalat_15;S6;12.284316175890794;0.00215027811812;-0.6490264840307908;2.1330414817025587;S6;1;0;S6;42;S6;0;1;1;172.38533990082118
118;dioktilftalat_15;S7;20.167576279605466;4.17509588776e-05;-0.11589658124319148;1.0134320175438598;S7;0;1;S7;3;S7;1;0;2;139.53234364882164
119;dioktilftalat_15;S8;9.936384517851296;0.00695571080033;-0.4554376524046314;1.931749417694365;S8;1;0;S8;38;S8;0;1;2;161.7017209793932
120;dioktilftalat_16;S1;8.487207349526138;0.0143557650076;-0.4824233386312076;2.13254169127222;S1;1;0;S1;26;S1;2;1;1;162.8959547229457
121;dioktilftalat_16;S2;9.686104408163953;0.00788295690236;-0.4287403380002125;1.9109923407120613;S2;1;0;S2;43;S2;0;1;2;147.7978041723203
122;dioktilftalat_16;S3;12.690598651274426;0.00175497735438;-0.6841085655888701;2.1968030029383643;S3;1;0;S3;43;S3;1;1;1;139.76569536969902
123;dioktilftalat_16;S4;21.983529246706123;1.68398135115e-05;-1.0366643747817323;2.7516507829752674;S4;1;0;S4;44;S4;0;1;1;178.68281660700657
124;dioktilftalat_16;S5;19.612283163172194;5.51120825626e-05;-0.947347705158948;2.4521232458017423;S5;0;1;S5;42;S5;1;1;1;178.60934292877158
125;dioktilftalat_16;S6;25.197073566435108;3.37695283493e-06;-1.1156397114586478;2.8615847021779333;S6;0;1;S6;44;S6;1;1;2;165.45086910724137
126;dioktilftalat_16;S7;2.127730744438907;0.34511921455;-0.27383485274169306;3.3494096911394067;S7;0;1;S7;6;S7;1;0;0;179.1512782174148
127;dioktilftalat_16;S8;10.845064816110623;0.00441594948987;-0.5751328809174059;2.0900681820026694;S8;1;0;S8;43;S8;0;1;1;173.15153729974116
128;dioktilftalat_17;S1;12.629267345471733;0.00180962855547;-0.7081677618812694;2.293620264189289;S1;1;0;S1;44;S1;0;1;2;134.76583846399083
129;dioktilftalat_17;S2;11.357211805098968;0.0034183205952000003;-0.4657631853280222;1.8231700501454544;S2;1;0;S2;42;S2;0;1;1;154.33665489647066
130;dioktilftalat_17;S3;13.053346160493836;0.00146386792856;-0.617768195651861;1.9692026003693708;S3;1;0;S3;42;S3;1;1;1;163.12069482592517
131;dioktilftalat_17;S4;23.229985276043845;9.02968894455e-06;-1.071040055551106;2.8618219158066434;S4;0;1;S4;40;S4;2;1;1;170.06360133447956
132;dioktilftalat_17;S5;15.601326322540348;0.000409463348688;-0.7928006678926034;2.2381953319724057;S5;1;0;S5;41;S5;0;1;2;199.35050204840732
133;dioktilftalat_17;S6;17.519851952327222;0.00015689622221700002;-0.8830451611614757;2.4033954987735973;S6;0;1;S6;41;S6;2;1;2;171.74147377759326
134;dioktilftalat_17;S7;20.564745138817642;3.42312164194e-05;-0.5300888152439963;1.2809941520467842;S7;1;0;S7;38;S7;2;1;1;125.1500564423697
135;dioktilftalat_17;S8;13.63766980602428;0.0010929936243;-0.6957682769267289;2.1232911672001165;S8;1;0;S8;44;S8;1;1;1;187.20931812306546
136;dioktilftalat_18;S1;13.353157568535535;0.00126008161757;-0.720362610699367;3.7568824316290144;S1;1;0;S1;43;S1;0;1;1;175.6838385883866
137;dioktilftalat_18;S2;5.777280752246356;0.055651826748900006;-0.4189750656293322;2.3338569946408056;S2;1;0;S2;43;S2;1;1;2;159.53355193455118
138;dioktilftalat_18;S3;8.980359938470285;0.0112186246206;-0.5170049721659625;2.1561683505754754;S3;0;1;S3;42;S3;0;1;1;195.14753515278235
139;dioktilftalat_18;S4;14.031832177817492;0.0008974832606079999;-0.8317442475323289;2.873590541044971;S4;0;1;S4;41;S4;2;1;1;160.34985509254128
140;dioktilftalat_18;S5;17.232384313664888;0.000181148729018;-0.9148385415243838;2.734905008267163;S5;0;1;S5;42;S5;2;1;2;200.1240132960341
141;dioktilftalat_18;S6;21.57666191437937;2.06389403729e-05;-1.0343502109024292;3.0121261580712013;S6;0;1;S6;42;S6;1;1;2;212.4281598261237
142;dioktilftalat_18;S7;20.17766711568888;4.15408383551e-05;0.2161270228233204;1.0467108899944724;S7;1;0;S7;19;S7;1;0;2;149.00768223563298
143;dioktilftalat_18;S8;14.64520085236963;0.000660442544162;-0.8223274960254161;2.5528499311880095;S8;0;1;S8;43;S8;1;1;2;208.86689582399384
144;dioktilftalat_19;S1;15.620291892050666;0.000405598847961;0.18518187058083005;1.2792238921467758;S1;1;0;S1;38;S1;2;1;1;146.63918244647596
145;dioktilftalat_19;S2;9.442793285135076;0.00890273592156;-0.3663629367499923;1.8441178569830952;S2;1;0;S2;46;S2;0;1;2;157.39701494952297
146;dioktilftalat_19;S3;9.315378480681387;0.00948836241423;-0.2692147531925961;1.7518926156026091;S3;0;1;S3;44;S3;2;1;1;138.6755416591147
147;dioktilftalat_19;S4;10.22954434583504;0.0060073463147100005;-0.6209973635958257;2.30254058968752;S4;0;1;S4;43;S4;0;1;2;172.00776536701278
148;dioktilftalat_19;S5;9.735204879519891;0.00769178471544;-0.35062068809544344;1.8003291032590876;S5;0;1;S5;43;S5;0;1;2;169.50838692808637
149;dioktilftalat_19;S6;9.615953992166196;0.00816435953375;-0.4376168833800492;1.931701112456752;S6;0;1;S6;43;S6;1;1;1;186.6188601982533
150;dioktilftalat_19;S7;9.724686736478688;0.007732342917140001;-0.3040773291712174;1.7513962211903291;S7;0;1;S7;2;S7;0;0;1;175.54806439597732
151;dioktilftalat_19;S8;11.331194096270425;0.00346307953019;-0.004057281383347771;1.5008523332623054;S8;1;0;S8;41;S8;0;1;1;153.76271465885068
152;dioktilftalat_20;S1;7.257744732922638;0.0265461018125;0.0628204484455008;1.8067829035221088;S1;1;0;S1;42;S1;1;1;2;198.81713848594853
153;dioktilftalat_20;S2;9.78882323930526;0.00748831390469;-0.1462084119786478;1.637620766524621;S2;1;0;S2;42;S2;1;1;1;146.4610229055909
154;dioktilftalat_20;S3;8.891797828275346;0.011726560120999999;-0.030232477697632425;1.6733476837049202;S3;1;0;S3;44;S3;0;1;1;152.43668457267694
155;dioktilftalat_20;S4;9.081937859362068;0.0106630697817;-0.1650397037250129;1.6990681458609302;S4;0;1;S4;44;S4;2;1;0;169.43580674424598
156;dioktilftalat_20;S5;8.49548038182606;0.0142965048037;-0.1588014719005123;1.7413569488848166;S5;1;0;S5;44;S5;0;1;1;196.82014069218567
157;dioktilftalat_20;S6;9.022114972236087;0.010986835604299998;-0.1776272789529889;1.710308328784249;S6;0;1;S6;44;S6;2;1;0;178.32977034415558
158;dioktilftalat_20;S7;4.3202477815234355;0.11531083420600001;-0.16224996771396466;2.133046458691153;S7;1;0;S7;40;S7;1;1;1;137.53653159428887
159;dioktilftalat_20;S8;8.599978315144135;0.013568706129100001;0.055910396484555064;1.698740251487711;S8;1;0;S8;44;S8;0;1;2;193.97973396925468
160;dioktilftalat_21;S1;8.806206171061199;0.0122393013163;-0.025853431654910917;1.6793895647014374;S1;1;0;S1;43;S1;0;1;1;192.80193570005176
161;dioktilftalat_21;S2;2.0599103572939654;0.35702296246299997;-0.3186458823846969;3.0493605865846507;S2;1;0;S2;43;S2;1;1;1;152.7970403695686
162;dioktilftalat_21;S3;8.862789970557305;0.011897880722399999;-0.5314711798965059;2.2074961866032643;S3;1;0;S3;44;S3;1;1;1;165.1983520282837
163;dioktilftalat_21;S4;12.67750174800468;0.00176650744963;-0.5956874333589374;1.9534954714813255;S4;1;0;S4;44;S4;2;1;0;157.74780444381634
164;dioktilftalat_21;S5;8.994571798297873;0.0111391884286;-0.4976024658773362;2.109149595809084;S5;1;0;S5;44;S5;0;1;1;183.38927510000462
165;dioktilftalat_21;S6;9.76775771206899;0.00756760338058;-0.5385917418393491;2.1184773225639137;S6;1;0;S6;44;S6;1;1;2;197.4292874337321
166;dioktilftalat_21;S7;4.2438173853692005;0.11980274352499999;-0.084092630360614;2.0980783731613486;S7;1;0;S7;38;S7;0;1;1;179.6722061468468
167;dioktilftalat_21;S8;7.7645433176937075;0.020603966795299997;0.21637339215667095;1.8368985735078007;S8;1;0;S8;44;S8;1;1;1;181.79382114281617
168;dioktilftalat_22;S1;4.759765896154378;0.0925614113674;0.4454581289037318;3.387755102040817;S1;1;0;S1;43;S1;1;1;2;161.8588145618323
169;dioktilftalat_22;S2;8.326744410757586;0.015555014672299998;-0.6364695531446724;2.8233316668762543;S2;1;0;S2;42;S2;0;1;2;117.0456393618442
170;dioktilftalat_22;S3;30.580788865145315;2.28805295607e-07;-1.1289719982962667;3.9835140684433625;S3;1;0;S3;41;S3;1;1;2;101.81872142092807
171;dioktilftalat_22;S4;1039.4625651854417;1.921196989719999e-226;-3.2686975879431435;15.784242543417726;S4;1;0;S4;42;S4;0;1;1;136.32312934213323
172;dioktilftalat_22;S5;179.25685122569;1.1881446988699998e-39;-1.9186290509527935;7.564047347302876;S5;1;0;S5;45;S5;2;1;0;193.52105361407183
173;dioktilftalat_22;S6;277.92340806896493;4.463738475629999e-61;-2.269628236548396;8.875411028280794;S6;0;1;S6;45;S6;1;1;1;163.57488981059018
174;dioktilftalat_22;S7;64.69576531557065;8.94320241602e-15;1.7239213328643397;3.9719047619047614;S7;1;0;S7;46;S7;1;1;1;162.6484796828949
175;dioktilftalat_22;S8;15.49929014395762;0.000430895450308;-0.6863736885923682;4.090781373983338;S8;1;0;S8;40;S8;0;1;2;168.3439771458985
176;dioktilftalat_23;S1;10.041580235688393;0.00659931041592;0.39353844004097865;1.8285784794976656;S1;0;1;S1;1;S1;2;1;1;134.6770872732364
177;dioktilftalat_23;S2;4.717545003814767;0.0945361950032;-0.06662607207941022;2.0419001764991282;S2;0;1;S2;36;S2;1;1;1;148.447991861609
178;dioktilftalat_23;S3;7.3373026562136925;0.0255108525258;-0.3838274423651993;2.0693879776153654;S3;0;1;S3;40;S3;0;1;1;166.20993850203297
179;dioktilftalat_23;S4;6.9492172862911294;0.030973953320400004;-0.5383631151004356;2.5320066529409537;S4;0;1;S4;4;S4;0;1;1;187.51546953380486
180;dioktilftalat_23;S5;6.483089094971592;0.0391034512945;-0.458661141309693;2.333350317587623;S5;0;1;S5;42;S5;0;1;1;208.33249511909497
181;dioktilftalat_23;S6;6.192713027504884;0.045213637920300004;-0.4909475344548347;2.486007013812259;S6;0;1;S6;38;S6;0;1;1;212.1449701594819
182;dioktilftalat_23;S7;3.4371862892817044;0.179318245372;-0.10958521297182072;2.203934498551584;S7;0;1;S7;1;S7;0;0;2;77.84145240287144
183;dioktilftalat_23;S8;4.363839020825941;0.112824754364;0.18523516153567574;2.146591195950393;S8;0;1;S8;28;S8;0;1;1;154.73789100666568
184;etilazetat_32;S1;5.445045291436126;0.065708785188;-0.2625899900902927;2.103230814622365;S1;1;0;S1;45;S1;1;1;1;175.51596630377207
185;etilazetat_32;S2;8.655733416023804;0.013195667697299998;-0.36210231746677385;1.9080442625437284;S2;1;0;S2;44;S2;0;1;1;144.32856144171058
186;etilazetat_32;S3;5.226260082281855;0.073304737455;-0.34956496626413736;2.2598439978745115;S3;1;0;S3;46;S3;0;1;1;149.6564050425493
187;etilazetat_32;S4;13.602144963138224;0.00111258128484;-0.8211871839780129;3.0235062517662348;S4;1;0;S4;46;S4;0;1;2;135.83223546239444
188;etilazetat_32;S5;63.35097927434043;1.7519013165299998e-14;-1.5289315710083922;4.7930299766390965;S5;1;0;S5;47;S5;0;1;1;177.12816722891526
189;etilazetat_32;S6;76.99497552804894;1.90876954441e-17;-1.6495175021378212;5.094778920032706;S6;1;0;S6;47;S6;0;1;1;167.22900876587497
190;etilazetat_32;S7;6.157499064643518;0.0460167631615;-0.012100571996713305;1.8951305809491588;S7;1;0;S7;44;S7;1;1;1;180.6103780466676
191;etilazetat_32;S8;8.39772448166666;0.015012647885;-0.5685138520739843;2.389400000000001;S8;1;0;S8;46;S8;0;1;1;161.51929491654218
192;etilazetat_33;S1;5.067827584523706;0.07934786073280001;0.009996145977312387;1.9976082349464015;S1;1;0;S1;44;S1;1;1;1;147.8251625682524
193;etilazetat_33;S2;4.440412059671019;0.10858673441299999;0.07797308493453567;2.0745683817959333;S2;1;0;S2;46;S2;0;1;1;154.88979200956874
194;etilazetat_33;S3;8.17831513967827;0.0167533411353;0.35433629442413833;1.9417333448101068;S3;1;0;S3;44;S3;0;1;1;192.76195924450627
195;etilazetat_33;S4;7.562899431602831;0.022789628980099997;0.12627291100338234;1.8015427275493008;S4;1;0;S4;44;S4;0;1;2;223.7498591487957
196;etilazetat_33;S5;7.478195583119794;0.0237755439542;-0.36301728055753657;2.0221696063048533;S5;1;0;S5;45;S5;0;1;1;177.69855739192047
197;etilazetat_33;S6;9.352928780589043;0.00931187892336;-0.5497041636848116;2.195992724277983;S6;1;0;S6;45;S6;2;1;0;167.83800076392006
198;etilazetat_33;S7;7.829152819373043;0.0199489970581;0.2114054636203056;1.8277710397628075;S7;1;0;S7;44;S7;2;1;1;140.25809095324936
199;etilazetat_33;S8;8.159382482524935;0.0169126867864;0.04576278002582518;1.7311371288644013;S8;1;0;S8;44;S8;2;1;0;283.86190864811266
200;etilazetat_34;S1;6.364288623960477;0.041496578041300004;0.16225428683027507;1.92434558287337;S1;1;0;S1;44;S1;2;1;2;159.60859777862046
201;etilazetat_34;S2;4.772226603076542;0.0919865138249;0.0959732698702107;2.046210783956611;S2;1;0;S2;44;S2;0;1;2;149.2275628142149
202;etilazetat_34;S3;6.666723124106307;0.0356729863303;0.27934285592792196;1.9949151662049855;S3;1;0;S3;44;S3;0;1;1;161.59127676316848
203;etilazetat_34;S4;7.10613792318843;0.0286366199719;0.21241884675391226;1.8913996047741228;S4;1;0;S4;44;S4;0;1;1;185.35663165416764
204;etilazetat_34;S5;6.131079017317349;0.0466286785014;-0.06833694811485247;1.9057413310152829;S5;1;0;S5;45;S5;0;1;1;176.75417276912628
205;etilazetat_34;S6;7.2909842330140116;0.0261085582394;-0.37324042704225263;2.0571787192262883;S6;1;0;S6;45;S6;2;1;1;161.20895355907632
206;etilazetat_34;S7;9.45666174149713;0.00884121586281;0.4240472805004007;1.924622337015237;S7;1;0;S7;42;S7;0;1;2;147.11585050632922
207;etilazetat_34;S8;6.168072053004631;0.045774137695;0.0937933229986952;1.9099401390629107;S8;1;0;S8;44;S8;0;1;2;208.5209672034671
208;etilazetat_35;S1;11.438874818453172;0.00328155655656;-0.5876642258119553;2.0579433332388684;S1;1;0;S1;43;S1;2;1;1;147.10252662373415
209;etilazetat_35;S2;1.9444443618913407;0.378241582279;-0.2070301471052163;2.537151226086017;S2;1;0;S2;1;S2;2;1;2;159.05909739670034
210;etilazetat_35;S3;9.455207824943061;0.00884764539458;-0.5085637555325883;2.083013223357548;S3;1;0;S3;39;S3;0;1;1;123.63294802431851
211;etilazetat_35;S4;21.426261130870387;2.22508451582e-05;-1.0304542209997605;3.0499330773621405;S4;0;1;S4;31;S4;2;1;2;107.51846343854173
212;etilazetat_35;S5;26.293408749484467;1.95190571137e-06;-1.136232794101359;3.226101129099687;S5;0;1;S5;34;S5;0;1;1;197.5415387890632
213;etilazetat_35;S6;67.79059146274072;1.90309339245e-15;-1.6463360653112975;4.613808529029445;S6;0;1;S6;38;S6;1;1;1;189.01483192085826
214;etilazetat_35;S7;8.752379828363521;0.0125731723417;-0.13176845925805258;1.7090478263181923;S7;1;0;S7;44;S7;0;1;1;138.17954878643812
215;etilazetat_35;S8;18.101356121105933;0.000117311465668;-0.9443746132721188;2.848415084670866;S8;1;0;S8;33;S8;0;1;1;179.281166852788
216;fenol_31;S1;3.5499540567795345;0.169487342852;0.07474542766300421;2.174302959388874;S1;1;0;S1;45;S1;1;1;1;132.0713303459957
217;fenol_31;S2;3.3653144807789364;0.18587939298700001;-0.07431319010429951;2.1966254970514303;S2;1;0;S2;25;S2;1;1;1;133.53801233583948
218;fenol_31;S3;5.279406074750839;0.0713824643332;0.21740451665569024;2.0736652719085047;S3;0;1;S3;21;S3;0;1;2;152.8436636045993
219;fenol_31;S4;9.236330542130633;0.00987088986475;0.4814481460966421;2.0487743817298423;S4;1;0;S4;23;S4;2;1;0;146.91380221573397
220;fenol_31;S5;4.406560777225171;0.110440276466;0.010751428282606487;2.0653523599388017;S5;1;0;S5;30;S5;0;1;2;171.91953939419838
221;fenol_31;S6;5.053063892211969;0.079935761661;-0.2759556903495846;2.1647428931314225;S6;0;1;S6;31;S6;2;1;2;175.36188389376323
222;fenol_31;S7;8.675095749359878;0.013068534630200001;0.17470025042846846;1.7356426776285567;S7;1;0;S7;45;S7;1;1;1;134.1695035337267
223;fenol_31;S8;15.979199093471632;0.00033896979775;0.8581958664941394;2.5273189888563667;S8;0;1;S8;31;S8;2;1;0;199.93233696320416
224;geksan_14;S1;7.085479448286944;0.028933947358400002;0.22796518393779175;1.9056911528146805;S1;1;0;S1;44;S1;0;1;1;152.96129549989755
225;geksan_14;S2;7.309208505913988;0.025871734119700004;0.2311223016439556;1.8882040243189453;S2;1;0;S2;44;S2;2;1;1;170.0009924523763
226;geksan_14;S3;3.363428938522365;0.186054717344;0.012694413007245692;2.1836166289402783;S3;1;0;S3;43;S3;0;1;1;175.38129589108192
227;geksan_14;S4;31.39227037131336;1.5249482351199998e-07;-1.1565611276894554;3.9359655205898;S4;1;0;S4;43;S4;1;1;0;212.7479857519337
228;geksan_14;S5;10.95914666622692;0.00417110899238;-0.5503384293365775;2.019069067662516;S5;1;0;S5;45;S5;0;1;1;151.98298191279622
229;geksan_14;S6;12.553156623559707;0.00187982176633;-0.7087662724110501;2.306830619639308;S6;1;0;S6;45;S6;1;1;1;160.49357303033918
230;geksan_14;S7;20.564745138817642;3.42312164194e-05;-0.5300888152439964;1.2809941520467842;S7;1;0;S7;44;S7;2;1;2;156.12663689149082
231;geksan_14;S8;0.4923158265405646;0.7817987587790001;0.09510942925915084;2.7520762092814173;S8;1;0;S8;43;S8;1;1;2;194.19137194576282
232;izobutanol_24;S1;7.549571026465071;0.022942010872;0.23785219562294765;1.8725511507626715;S1;1;0;S1;44;S1;0;1;1;151.13186648180562
233;izobutanol_24;S2;9.187672290996582;0.010113985140799999;0.6543636557039351;2.668969718329705;S2;1;0;S2;46;S2;0;1;1;147.87325066866163
234;izobutanol_24;S3;10.483417693380108;0.0052912072439;0.5717984582407166;2.1216255535589474;S3;1;0;S3;44;S3;1;1;2;140.02434491609932
235;izobutanol_24;S4;10.428469400832226;0.00543859403799;0.4489583169453135;1.8765221589886771;S4;1;0;S4;44;S4;0;1;1;169.13904502031684
236;izobutanol_24;S5;6.385345802340896;0.0410619695403;0.16172817369258682;1.9220895857159372;S5;1;0;S5;44;S5;0;1;1;161.86328816808188
237;izobutanol_24;S6;5.9786314134450045;0.0503218598549;-0.10663633315595357;1.9321240628710248;S6;0;1;S6;41;S6;0;1;1;185.50001420582115
238;izobutanol_24;S7;9.853001293879213;0.00725183566538;0.4262202341673544;1.8920020062431169;S7;1;0;S7;44;S7;0;1;1;171.99212591267872
239;izobutanol_24;S8;11.660377234637572;0.00293752286028;0.6226372904998063;2.127020438931873;S8;1;0;S8;44;S8;0;1;1;168.73802591941197
240;izopropanol_25;S1;7.516921012994749;0.0233196131478;0.042286768320097534;1.7818838903176253;S1;1;0;S1;44;S1;2;1;0;160.2503716701684
241;izopropanol_25;S2;8.310500383137713;0.015681867167799998;0.5151856255801439;2.2340373395913637;S2;1;0;S2;44;S2;0;1;1;159.34586313227268
242;izopropanol_25;S3;8.976424511400257;0.011240721393;0.487377772117474;2.088792303612847;S3;1;0;S3;44;S3;2;1;1;167.00969947681514
243;izopropanol_25;S4;9.630495466789153;0.008105213897010001;0.3838912799560438;1.850786851916756;S4;1;0;S4;44;S4;2;1;2;182.4282490954969
244;izopropanol_25;S5;6.5427306543639085;0.037954571275300004;0.17564642569935224;1.9163372145379864;S5;1;0;S5;44;S5;0;1;1;155.7229894671839
245;izopropanol_25;S6;5.498767628922383;0.063967264769;0.06725649911337707;1.9643500074935527;S6;1;0;S6;45;S6;0;1;1;179.4999768343819
246;izopropanol_25;S7;7.119179822139273;0.028450489553;0.2945860465675602;1.968038290573144;S7;1;0;S7;42;S7;1;1;2;168.7113354105127
247;izopropanol_25;S8;9.531467401922637;0.00851663728455;0.425480648910055;1.9199982136943403;S8;1;0;S8;44;S8;0;1;1;172.72403990314842
248;plastizol__26;S1;7.539154342111773;0.0230618124278;-0.4102219884644378;2.093224869657442;S1;1;0;S1;44;S1;0;1;1;173.6736068574397
249;plastizol__26;S2;3.94306857917748;0.139243053072;-0.4414258220974455;2.948335491370185;S2;1;0;S2;47;S2;1;1;2;95.49309354051806
250;plastizol__26;S3;9.252174243504204;0.00979300306023;-0.6158633842388639;2.4360929451345803;S3;1;0;S3;45;S3;0;1;1;163.22488798422702
251;plastizol__26;S4;46.961246672479184;6.34592380742e-11;-1.3946061716868354;4.238919667590025;S4;1;0;S4;44;S4;1;1;2;178.3094918212251
252;plastizol__26;S5;24.753890529646057;4.21464469759e-06;-1.0771737461341426;3.5183140620800843;S5;1;0;S5;45;S5;0;1;1;144.72955683120873
253;plastizol__26;S6;42.115191315810534;7.15817651625e-10;-1.3823384695367884;3.8426077374700816;S6;1;0;S6;46;S6;1;1;1;148.3952998774206
254;plastizol__26;S7;5.3434839844028135;0.06913169348619999;-0.04260607392885205;1.9740353408595683;S7;1;0;S7;44;S7;0;1;1;170.1484899952029
255;plastizol__26;S8;20.513105502454714;3.51265693878e-05;-1.0085324689516402;2.9871868323983546;S8;1;0;S8;43;S8;0;1;2;217.7594252002084
256;plastizol__27;S1;2.9502444467140925;0.22875076665;-0.1895997649060831;2.335635515073959;S1;1;0;S1;31;S1;2;1;0;150.79609406036062
257;plastizol__27;S2;12.069898896018444;0.0023936175264200003;-0.29712122614350184;1.571397381706692;S2;1;0;S2;44;S2;0;1;2;160.17595547821742
258;plastizol__27;S3;3.0773682211853397;0.21466338893599998;-0.3878496379544156;3.0931542728397434;S3;1;0;S3;46;S3;1;1;2;122.5532956153617
259;plastizol__27;S4;18.985781661072995;7.5385860238e-05;-0.9636853579034731;3.225869428594021;S4;0;1;S4;44;S4;1;1;2;177.3287170718436
260;plastizol__27;S5;42.400129467535095;6.2076735503e-10;-1.4255828697377777;3.5299027844084274;S5;0;1;S5;44;S5;2;1;0;206.0754946754858
261;plastizol__27;S6;59.04332780923847;1.50974732789e-13;-1.603059940554696;4.196607116990431;S6;0;1;S6;43;S6;0;1;1;160.90026950934092
262;plastizol__27;S7;0.5380505552075636;0.7641239401819999;-0.055725306697618084;2.6929177112651;S7;1;0;S7;45;S7;1;1;1;132.19030290589816
263;plastizol__27;S8;59.68788403977611;1.0938069096700001e-13;-1.5382402916589641;4.540839501328131;S8;0;1;S8;44;S8;2;1;1;150.24233276735114
264;propanol_28;S1;9.305361878348382;0.00953600218837;0.1627748774237866;1.6810197236679107;S1;1;0;S1;45;S1;2;1;0;135.13254664877266
265;propanol_28;S2;8.999055995838296;0.0111142412454;0.4881572896004977;2.08799859162014;S2;1;0;S2;49;S2;1;1;2;134.91594908563087
266;propanol_28;S3;12.123058919680693;0.0023308332441;0.6148678839421233;2.055371178078155;S3;1;0;S3;45;S3;1;1;2;168.7664489303661
267;propanol_28;S4;11.25559227162461;0.0035964927812700003;0.5144478454318205;1.9165389592141924;S4;1;0;S4;44;S4;1;1;2;154.23298617105644
268;propanol_28;S5;7.951444082095857;0.0187657469622;0.3041413431516624;1.901301630481569;S5;1;0;S5;45;S5;0;1;1;179.82304812343347
269;propanol_28;S6;6.88823434106974;0.031932940943400004;0.13480209513991198;1.862645641196221;S6;0;1;S6;45;S6;0;1;1;170.05666652578094
270;propanol_28;S7;9.92744520069939;0.006986870036460001;0.39466968883497294;1.8398175200996327;S7;1;0;S7;44;S7;0;1;1;160.26010462136048
271;propanol_28;S8;11.489229448662176;0.00319996718367;0.5328778454441543;1.9308787556254416;S8;1;0;S8;44;S8;1;1;1;126.748268599968
272;stirol_29;S1;8.170501840520936;0.016818918579;-0.06019535352936092;1.7326794075537877;S1;1;0;S1;46;S1;2;1;2;143.04064895966283
273;stirol_29;S2;5.9602871946200535;0.05078554067419999;0.07532933755377233;1.9231956128583163;S2;1;0;S2;45;S2;2;1;1;147.93660550312387
274;stirol_29;S3;8.465153533101166;0.0145149407057;-0.043226179169624436;1.7071099400773069;S3;1;0;S3;44;S3;0;1;1;157.1707759648489
275;stirol_29;S4;9.29047991028789;0.00960722408023;-0.20554569562384511;1.7062675373329133;S4;1;0;S4;45;S4;0;1;1;171.5731239846471
276;stirol_29;S5;10.652834253936089;0.00486145682884;-0.575486644307107;2.1121828177032023;S5;1;0;S5;45;S5;0;1;1;195.99540285764584
277;stirol_29;S6;21.257177180849066;2.42137818148e-05;-1.0188048376953518;2.7461370116125363;S6;0;1;S6;45;S6;0;1;1;167.90518280526047
278;stirol_29;S7;9.826869151737911;0.0073472103951899995;-0.09960164362486554;1.6181718190136696;S7;1;0;S7;44;S7;0;1;1;147.8764041445015
279;stirol_29;S8;8.464108009085695;0.0145225305489;-0.1768699183589703;1.7535251833414918;S8;1;0;S8;46;S8;0;1;1;164.44361365046302
280;toluol_30;S1;8.25139972971201;0.016152186284;-0.019514935720666773;1.72128269823292;S1;1;0;S1;42;S1;0;1;1;148.04295027888486
281;toluol_30;S2;9.64257814545925;0.00805639516323;0.467046050736563;1.9801718628306064;S2;1;0;S2;42;S2;0;1;1;138.15742343862746
282;toluol_30;S3;9.132136539764387;0.0103987645841;0.32917672148007154;1.8261586088683832;S3;1;0;S3;43;S3;0;1;1;175.334622852906
283;toluol_30;S4;9.24510052366226;0.009827700864719999;0.1172315462885991;1.6662961329210906;S4;0;1;S4;42;S4;1;1;1;178.73654282465247
284;toluol_30;S5;8.66455522498969;0.0131375910469;0.19750013326921467;1.7499742980449453;S5;0;1;S5;42;S5;1;1;1;191.3695784843229
285;toluol_30;S6;7.769766539644586;0.0205502274531;0.14641066639695174;1.7936143296325209;S6;0;1;S6;38;S6;1;1;2;178.4329471603492
286;toluol_30;S7;12.996272742267568;0.0015062436580899998;-0.3657916926581702;1.5708188161631171;S7;1;0;S7;43;S7;2;1;1;121.101406300309
287;toluol_30;S8;9.618593308854898;0.008153592474550001;0.07776884739602484;1.6275466543693355;S8;0;1;S8;44;S8;0;1;1;190.2749894664436
